Workbook

Sheet 台账
A1: 利镖链路 · 在建项目资金台账（2026-09）
A2: 构造样例：1200 行；金额单位：万元；含 RANK / 嵌套 IF / 图标集 / Top10 / 数据条 / 自动筛选
A3: 序号 | B3: 项目编号 | C3: 项目名称 | D3: 负责人 | E3: 预算 | F3: 已支出 | G3: 结余 | H3: 执行率 | I3: 评级 | J3: 排名 | K3: 状态
A4: 1 | B4: PJ-2026-0001 | C4: 城东路道路改造工程 | D4: 张伟 | E4: 50 | F4: 22.5 | G4: =E4-F4 | H4: =IFERROR(F4/E4,0) | I4: =IF(H4>=1,"超预算",IF(H4>=0.9,"预警","正常")) | J4: =RANK(F4,$F$4:$F$1203,0) | K4: 在建
A5: 2 | B5: PJ-2026-0002 | C5: 解放路老旧小区改造项目（二期） | D5: 王磊 | E5: 187 | F5: 138.38 | G5: =E5-F5 | H5: =IFERROR(F5/E5,0) | I5: =IF(H5>=1,"超预算",IF(H5>=0.9,"预警","正常")) | J5: =RANK(F5,$F$4:$F$1203,0) | K5: 待启动
A6: 3 | B6: PJ-2026-0003 | C6: 和平街智慧园区建设项目（三期） | D6: 李涛 | E6: 324 | F6: 333.72 | G6: =E6-F6 | H6: =IFERROR(F6/E6,0) | I6: =IF(H6>=1,"超预算",IF(H6>=0.9,"预警","正常")) | J6: =RANK(F6,$F$4:$F$1203,0) | K6: 完工
A7: 4 | B7: PJ-2026-0004 | C7: 光明街污水处理扩容工程（四期） | D7: 赵刚 | E7: 461 | F7: 285.82 | G7: =E7-F7 | H7: =IFERROR(F7/E7,0) | I7: =IF(H7>=1,"超预算",IF(H7>=0.9,"预警","正常")) | J7: =RANK(F7,$F$4:$F$1203,0) | K7: 在建
A8: 5 | B8: PJ-2026-0005 | C8: 城东路供水管网更新工程 | D8: 刘静 | E8: 598 | F8: 544.18 | G8: =E8-F8 | H8: =IFERROR(F8/E8,0) | I8: =IF(H8>=1,"超预算",IF(H8>=0.9,"预警","正常")) | J8: =RANK(F8,$F$4:$F$1203,0) | K8: 待启动
A9: 6 | B9: PJ-2026-0006 | C9: 解放路河道综合整治工程（二期） | D9: 陈艳 | E9: 735 | F9: 367.5 | G9: =E9-F9 | H9: =IFERROR(F9/E9,0) | I9: =IF(H9>=1,"超预算",IF(H9>=0.9,"预警","正常")) | J9: =RANK(F9,$F$4:$F$1203,0) | K9: 完工
A10: 7 | B10: PJ-2026-0007 | C10: 和平街学校新建工程（三期） | D10: 杨英 | E10: 872 | F10: 688.88 | G10: =E10-F10 | H10: =IFERROR(F10/E10,0) | I10: =IF(H10>=1,"超预算",IF(H10>=0.9,"预警","正常")) | J10: =RANK(F10,$F$4:$F$1203,0) | K10: 在建
A11: 8 | B11: PJ-2026-0008 | C11: 光明街医院改扩建项目（四期） | D11: 黄芳 | E11: 1009 | F11: 1089.72 | G11: =E11-F11 | H11: =IFERROR(F11/E11,0) | I11: =IF(H11>=1,"超预算",IF(H11>=0.9,"预警","正常")) | J11: =RANK(F11,$F$4:$F$1203,0) | K11: 待启动
A12: 9 | B12: PJ-2026-0009 | C12: 城东路公交枢纽建设工程 | D12: 周军 | E12: 1146 | F12: 767.82 | G12: =E12-F12 | H12: =IFERROR(F12/E12,0) | I12: =IF(H12>=1,"超预算",IF(H12>=0.9,"预警","正常")) | J12: =RANK(F12,$F$4:$F$1203,0) | K12: 完工
A13: 10 | B13: PJ-2026-0010 | C13: 解放路公共停车场建设工程（二期） | D13: 吴明 | E13: 1283 | F13: 1231.68 | G13: =E13-F13 | H13: =IFERROR(F13/E13,0) | I13: =IF(H13>=1,"超预算",IF(H13>=0.9,"预警","正常")) | J13: =RANK(F13,$F$4:$F$1203,0) | K13: 在建
A14: 11 | B14: PJ-2026-0011 | C14: 和平街道路改造工程（三期） | D14: 徐桂 | E14: 1420 | F14: 781 | G14: =E14-F14 | H14: =IFERROR(F14/E14,0) | I14: =IF(H14>=1,"超预算",IF(H14>=0.9,"预警","正常")) | J14: =RANK(F14,$F$4:$F$1203,0) | K14: 待启动
A15: 12 | B15: PJ-2026-0012 | C15: 光明街老旧小区改造项目（四期） | D15: 孙丽 | E15: 1557 | F15: 1307.88 | G15: =E15-F15 | H15: =IFERROR(F15/E15,0) | I15: =IF(H15>=1,"超预算",IF(H15>=0.9,"预警","正常")) | J15: =RANK(F15,$F$4:$F$1203,0) | K15: 完工
... A1203: 1200 | B1203: PJ-2026-1200 | C1203: 光明街公共停车场建设工程（四期） | D1203: 罗秀 | E1203: 963 | F1203: 924.48 | G1203: =E1203-F1203 | H1203: =IFERROR(F1203/E1203,0) | I1203: =IF(H1203>=1,"超预算",IF(H1203>=0.9,"预警","正常")) | J1203: =RANK(F1203,$F$4:$F$1203,0) | K1203: 完工

Sheet 统计
A1: 台账统计（公式引用「台账」表）
A3: 项目总数（个） | B3: =COUNTA(台账!B4:B1203)
A4: 预算总额（万元） | B4: =SUM(台账!E4:E1203)
A5: 支出总额（万元） | B5: =SUM(台账!F4:F1203)
A6: 整体执行率 | B6: =IFERROR(B5/B4,0)
A7: 超预算项目数 | B7: =COUNTIF(台账!I4:I1203,"超预算")
A8: 预警项目数 | B8: =COUNTIF(台账!I4:I1203,"预警")
A9: 完工项目数 | B9: =COUNTIF(台账!K4:K1203,"完工")
A10: 单项目最高支出 | B10: =MAX(台账!F4:F1203)
A11: 单项目平均支出 | B11: =AVERAGE(台账!F4:F1203)
A12: 在建项目支出合计 | B12: =SUMIFS(台账!F4:F1203,台账!K4:K1203,"在建")
A13: 完工项目支出合计 | B13: =SUMIFS(台账!F4:F1203,台账!K4:K1203,"完工")
A14: 待启动项目支出合计 | B14: =SUMIFS(台账!F4:F1203,台账!K4:K1203,"待启动")
A16: 分状态统计（SUMIFS）
A17: 状态 | B17: 支出合计
A18: 在建 | B18: =SUMIFS(台账!F4:F1203,台账!K4:K1203,"在建")
A19: 完工 | B19: =SUMIFS(台账!F4:F1203,台账!K4:K1203,"完工")
A20: 待启动 | B20: =SUMIFS(台账!F4:F1203,台账!K4:K1203,"待启动")
